jurisdiction_id,jurisdiction,state,state_name,level,source,source_url,license,notes,mw_1938,mw_1939,mw_1940,mw_1941,mw_1942,mw_1943,mw_1944,mw_1945,mw_1946,mw_1947,mw_1948,mw_1949,mw_1950,mw_1951,mw_1952,mw_1953,mw_1954,mw_1955,mw_1956,mw_1957,mw_1958,mw_1959,mw_1960,mw_1961,mw_1962,mw_1963,mw_1964,mw_1965,mw_1966,mw_1967,mw_1968,mw_1969,mw_1970,mw_1971,mw_1972,mw_1973,mw_1974,mw_1975,mw_1976,mw_1977,mw_1978,mw_1979,mw_1980,mw_1981,mw_1982,mw_1983,mw_1984,mw_1985,mw_1986,mw_1987,mw_1988,mw_1989,mw_1990,mw_1991,mw_1992,mw_1993,mw_1994,mw_1995,mw_1996,mw_1997,mw_1998,mw_1999,mw_2000,mw_2001,mw_2002,mw_2003,mw_2004,mw_2005,mw_2006,mw_2007,mw_2008,mw_2009,mw_2010,mw_2011,mw_2012,mw_2013,mw_2014,mw_2015,mw_2016,mw_2017,mw_2018,mw_2019,mw_2020,mw_2021,mw_2022,mw_2023,mw_2024,mw_2025
US-FEDERAL,United States (Federal),US,United States,Federal,Vaghul & Zipperer (2022) — Historical State and Sub-state Minimum Wages v1.4.0,https://github.com/benzipperer/historicalminwage,Creative Commons Attribution 4.0 (CC BY 4.0),Federal minimum wage floor. States/localities may set higher rates. Data from Zipperer v1.4.0.,0.25,0.3,0.3,0.3,0.3,0.3,0.3,0.4,0.4,0.4,0.4,0.4,0.75,0.75,0.75,0.75,0.75,0.75,1.0,1.0,1.0,1.0,1.0,1.15,1.15,1.25,1.25,1.25,1.25,1.4,1.6,1.6,1.6,1.6,1.6,1.6,2.0,2.1,2.3,2.3,2.65,2.9,3.1,3.35,3.35,3.35,3.35,3.35,3.35,3.35,3.35,3.35,3.8,4.25,4.25,4.25,4.25,4.25,4.75,5.15,5.15,5.15,5.15,5.15,5.15,5.15,5.15,5.15,5.15,5.85,6.55,7.25,7.25,7.25,7.25,7.25,7.25,7.25,7.25,7.25,7.25,7.25,7.25,7.25,7.25,7.25,7.25,7.25
US-AK,Alaska,AK,Alaska,State,Vaghul & Zipperer (2022) — Historical State and Sub-state Minimum Wages v1.4.0,https://github.com/benzipperer/historicalminwage,Creative Commons Attribution 4.0 (CC BY 4.0),State-level minimum wage. Data from Zipperer v1.4.0; forward-filled within series.,,,,,,,,,,,,,,,,,,,,,,,1.0,1.0,1.0,1.0,1.0,1.25,1.5,1.5,1.5,1.75,2.0,2.1,2.2,2.4,2.8,2.8,3.1,3.4,3.4,3.4,3.6,3.85,3.85,3.85,3.85,3.85,3.85,3.85,3.85,3.85,3.85,4.25,4.25,4.25,4.25,4.25,4.25,5.15,5.15,5.15,5.65,5.65,5.65,7.15,7.15,7.15,7.15,7.15,7.15,7.25,7.25,7.25,7.25,7.75,8.75,9.75,9.89,9.8,9.84,10.19,10.34,10.34,10.34,10.85,11.73,11.73
US-AL,Alabama,AL,Alabama,State,Vaghul & Zipperer (2022) — Historical State and Sub-state Minimum Wages v1.4.0,https://github.com/benzipperer/historicalminwage,Creative Commons Attribution 4.0 (CC BY 4.0),State-level minimum wage. Data from Zipperer v1.4.0; forward-filled within series.,,,,,,,,,,,,,,,,,,,,,,,,,,,,,,,,,,,,,,,,,,,,,,7.25,7.25,7.25,7.25,7.25,7.25,7.25,7.25,7.25,7.25,7.25,7.25,7.25,7.25,7.25,7.25,7.25,7.25,7.25,7.25,7.25,7.25,7.25,7.25,7.25,7.25,7.25,7.25,7.25,7.25,7.25,7.25,7.25,7.25,7.25,7.25,7.25,7.25,7.25,7.25,7.25,7.25,7.25
US-AR,Arkansas,AR,Arkansas,State,Vaghul & Zipperer (2022) — Historical State and Sub-state Minimum Wages v1.4.0,https://github.com/benzipperer/historicalminwage,Creative Commons Attribution 4.0 (CC BY 4.0),State-level minimum wage. Data from Zipperer v1.4.0; forward-filled within series.,,,,,,,,,,,,,,,,,,,,,,,,,,,,,,,,,,,,,,,,,,,,,,,,,,,,,3.8,4.25,4.25,4.25,4.25,4.25,4.25,4.25,4.25,4.25,4.25,4.25,4.25,4.25,4.25,4.25,6.25,6.25,6.25,7.25,7.25,7.25,7.25,7.25,7.25,8.0,8.5,8.5,8.5,9.25,10.0,11.0,11.0,11.0,11.0,11.0
US-AZ,Arizona,AZ,Arizona,State,Vaghul & Zipperer (2022) — Historical State and Sub-state Minimum Wages v1.4.0,https://github.com/benzipperer/historicalminwage,Creative Commons Attribution 4.0 (CC BY 4.0),State-level minimum wage. Data from Zipperer v1.4.0; forward-filled within series.,,,,,,,,,,,,,,,,,,,,,,,,,,,,,,,,,,,,,,,,,,,,,,,,,,,,,,,,,,,,,,,,,,,,,,6.75,6.9,7.25,7.25,7.35,7.65,7.8,7.9,8.05,8.05,10.0,10.5,11.0,12.0,12.15,12.8,13.85,14.35,14.7
US-CA,California,CA,California,State,Vaghul & Zipperer (2022) — Historical State and Sub-state Minimum Wages v1.4.0,https://github.com/benzipperer/historicalminwage,Creative Commons Attribution 4.0 (CC BY 4.0),State-level minimum wage. Data from Zipperer v1.4.0; forward-filled within series.,,,,,,,,,,,,,,,,,,,,,,,,,,,,,,,,,,,,,,,,,,,,,,,,,,,4.25,4.25,4.25,4.25,4.25,4.25,4.25,4.25,4.25,5.0,5.75,5.75,5.75,6.25,6.75,6.75,6.75,6.75,6.75,7.5,8.0,8.0,8.0,8.0,8.0,8.0,9.0,9.0,10.0,10.5,11.0,12.0,13.0,14.0,15.0,15.5,16.0,16.5
US-CO,Colorado,CO,Colorado,State,Vaghul & Zipperer (2022) — Historical State and Sub-state Minimum Wages v1.4.0,https://github.com/benzipperer/historicalminwage,Creative Commons Attribution 4.0 (CC BY 4.0),State-level minimum wage. Data from Zipperer v1.4.0; forward-filled within series.,,,,,,,,,,,,,,,,,,,,,,,,,,,,,,,,,,,,,,,,,,,,,,,,,,,,,3.28,3.28,3.28,3.28,3.28,3.28,3.28,3.28,3.28,3.28,5.15,5.15,5.15,5.15,5.15,5.15,5.15,6.85,7.02,7.28,7.24,7.36,7.64,7.78,8.0,8.23,8.31,9.3,10.2,11.1,12.0,12.32,12.56,13.65,14.42,14.81
US-CT,Connecticut,CT,Connecticut,State,Vaghul & Zipperer (2022) — Historical State and Sub-state Minimum Wages v1.4.0,https://github.com/benzipperer/historicalminwage,Creative Commons Attribution 4.0 (CC BY 4.0),State-level minimum wage. Data from Zipperer v1.4.0; forward-filled within series.,,,,,,,,,,,,,,,,,,,,,,,,,,,,,,,,,,,,,,,,,,,,,,,,,,,,,,,4.27,4.27,4.27,4.27,4.27,4.27,4.27,4.27,6.15,6.4,6.7,6.9,7.1,7.1,7.4,7.65,7.65,8.0,8.25,8.25,8.25,8.25,8.7,9.15,9.6,10.1,10.1,10.1,12.0,13.0,14.0,15.0,16.35,16.35
US-DC,Washington D.C.,DC,Washington D.C.,State,Vaghul & Zipperer (2022) — Historical State and Sub-state Minimum Wages v1.4.0,https://github.com/benzipperer/historicalminwage,Creative Commons Attribution 4.0 (CC BY 4.0),State-level minimum wage. Data from Zipperer v1.4.0; forward-filled within series.,,,,,,,,,,,,,,,,,,,,,,,,,,,,,,,,,,,,,,,,,,,,,,,,,,,,,,,,5.25,5.25,5.25,5.25,5.25,5.25,5.25,5.25,6.15,6.15,6.15,6.6,6.6,7.0,7.0,7.55,8.25,8.25,8.25,8.25,8.25,9.5,10.5,11.5,12.5,13.25,14.0,15.0,15.2,16.1,17.0,17.5,17.5
US-DE,Delaware,DE,Delaware,State,Vaghul & Zipperer (2022) — Historical State and Sub-state Minimum Wages v1.4.0,https://github.com/benzipperer/historicalminwage,Creative Commons Attribution 4.0 (CC BY 4.0),State-level minimum wage. Data from Zipperer v1.4.0; forward-filled within series.,,,,,,,,,,,,,,,,,,,,,,,,,,,,,,,,,,,,,,,,,,,,,,,,,,,,,,,4.25,4.25,4.25,4.25,4.25,4.25,4.25,4.25,4.25,4.25,4.25,4.25,4.25,6.15,6.15,7.15,7.15,7.25,7.25,7.25,7.25,7.25,7.75,8.25,8.25,8.25,8.25,9.25,9.25,10.5,11.75,13.25,15.0,15.0
US-FL,Florida,FL,Florida,State,Vaghul & Zipperer (2022) — Historical State and Sub-state Minimum Wages v1.4.0,https://github.com/benzipperer/historicalminwage,Creative Commons Attribution 4.0 (CC BY 4.0),State-level minimum wage. Data from Zipperer v1.4.0; forward-filled within series.,,,,,,,,,,,,,,,,,,,,,,,,,,,,,,,,,,,,,,,,,,,,,,,,,,,,,3.8,4.25,4.25,4.25,4.25,4.25,4.25,4.25,4.25,4.25,4.25,4.25,4.25,4.25,4.25,6.15,6.4,6.67,6.79,7.21,7.25,7.25,7.25,7.25,7.25,7.25,7.25,7.25,7.25,7.25,7.25,8.65,10.0,12.0,13.0,14.0
US-GA,Georgia,GA,Georgia,State,Vaghul & Zipperer (2022) — Historical State and Sub-state Minimum Wages v1.4.0,https://github.com/benzipperer/historicalminwage,Creative Commons Attribution 4.0 (CC BY 4.0),State-level minimum wage. Data from Zipperer v1.4.0; forward-filled within series.,,,,,,,,,,,,,,,,,,,,,,,,,,,,,,,,,,,,,,,,,,,,,,,,,,,,,7.25,7.25,7.25,7.25,7.25,7.25,7.25,7.25,7.25,7.25,7.25,7.25,7.25,7.25,7.25,7.25,7.25,7.25,7.25,7.25,7.25,7.25,7.25,7.25,7.25,7.25,7.25,7.25,7.25,7.25,7.25,7.25,7.25,7.25,7.25,7.25
US-HI,Hawaii,HI,Hawaii,State,Vaghul & Zipperer (2022) — Historical State and Sub-state Minimum Wages v1.4.0,https://github.com/benzipperer/historicalminwage,Creative Commons Attribution 4.0 (CC BY 4.0),State-level minimum wage. Data from Zipperer v1.4.0; forward-filled within series.,,,,,,,,,,,,,,,,,,,,,,,,,,,,,,,,,,,,,,,,,,,,,,,,,,,,,3.85,3.85,3.85,5.25,5.25,5.25,5.25,5.25,5.25,5.25,5.25,5.25,6.25,6.25,6.25,6.25,7.25,7.25,7.25,7.25,7.25,7.25,7.25,7.25,7.25,7.75,8.5,9.25,10.1,10.1,10.1,10.1,12.0,14.0,14.0,14.0
US-IA,Iowa,IA,Iowa,State,Vaghul & Zipperer (2022) — Historical State and Sub-state Minimum Wages v1.4.0,https://github.com/benzipperer/historicalminwage,Creative Commons Attribution 4.0 (CC BY 4.0),State-level minimum wage. Data from Zipperer v1.4.0; forward-filled within series.,,,,,,,,,,,,,,,,,,,,,,,,,,,,,,,,,,,,,,,,,,,,,,,,,,,,,7.25,7.25,7.25,7.25,7.25,7.25,7.25,7.25,7.25,7.25,7.25,7.25,7.25,7.25,7.25,7.25,7.25,7.25,7.25,7.25,7.25,7.25,7.25,7.25,7.25,7.25,7.25,7.25,7.25,7.25,7.25,7.25,7.25,7.25,7.25,7.25
US-ID,Idaho,ID,Idaho,State,Vaghul & Zipperer (2022) — Historical State and Sub-state Minimum Wages v1.4.0,https://github.com/benzipperer/historicalminwage,Creative Commons Attribution 4.0 (CC BY 4.0),State-level minimum wage. Data from Zipperer v1.4.0; forward-filled within series.,,,,,,,,,,,,,,,,,,,,,,,,,,,,,,,,,,,,,,,,,,,,,,,,,,,,,7.25,7.25,7.25,7.25,7.25,7.25,7.25,7.25,7.25,7.25,7.25,7.25,7.25,7.25,7.25,7.25,7.25,7.25,7.25,7.25,7.25,7.25,7.25,7.25,7.25,7.25,7.25,7.25,7.25,7.25,7.25,7.25,7.25,7.25,7.25,7.25
US-IL,Illinois,IL,Illinois,State,Vaghul & Zipperer (2022) — Historical State and Sub-state Minimum Wages v1.4.0,https://github.com/benzipperer/historicalminwage,Creative Commons Attribution 4.0 (CC BY 4.0),State-level minimum wage. Data from Zipperer v1.4.0; forward-filled within series.,,,,,,,,,,,,,,,,,,,,,,,,,,,,,,,,,,,,,,,,,,,,,,,,,,,,,3.8,4.25,4.25,4.25,4.25,4.25,4.25,4.25,4.25,4.25,4.25,4.25,4.25,4.25,5.5,6.5,6.5,6.5,7.5,8.0,8.0,8.25,8.25,8.25,8.25,8.25,8.25,8.25,8.25,8.25,9.25,10.0,12.0,13.0,14.0,15.0
US-IN,Indiana,IN,Indiana,State,Vaghul & Zipperer (2022) — Historical State and Sub-state Minimum Wages v1.4.0,https://github.com/benzipperer/historicalminwage,Creative Commons Attribution 4.0 (CC BY 4.0),State-level minimum wage. Data from Zipperer v1.4.0; forward-filled within series.,,,,,,,,,,,,,,,,,,,,,,,,,,,,,,,,,,,,,,,,,,,,,,,,,,,,,7.25,7.25,7.25,7.25,7.25,7.25,7.25,7.25,7.25,7.25,7.25,7.25,7.25,7.25,7.25,7.25,7.25,7.25,7.25,7.25,7.25,7.25,7.25,7.25,7.25,7.25,7.25,7.25,7.25,7.25,7.25,7.25,7.25,7.25,7.25,7.25
US-KS,Kansas,KS,Kansas,State,Vaghul & Zipperer (2022) — Historical State and Sub-state Minimum Wages v1.4.0,https://github.com/benzipperer/historicalminwage,Creative Commons Attribution 4.0 (CC BY 4.0),State-level minimum wage. Data from Zipperer v1.4.0; forward-filled within series.,,,,,,,,,,,,,,,,,,,,,,,,,,,,,,,,,,,,,,,,,,,,,,,,,,,,,7.25,7.25,7.25,7.25,7.25,7.25,7.25,7.25,7.25,7.25,7.25,7.25,7.25,7.25,7.25,7.25,7.25,7.25,7.25,7.25,7.25,7.25,7.25,7.25,7.25,7.25,7.25,7.25,7.25,7.25,7.25,7.25,7.25,7.25,7.25,7.25
US-KY,Kentucky,KY,Kentucky,State,Vaghul & Zipperer (2022) — Historical State and Sub-state Minimum Wages v1.4.0,https://github.com/benzipperer/historicalminwage,Creative Commons Attribution 4.0 (CC BY 4.0),State-level minimum wage. Data from Zipperer v1.4.0; forward-filled within series.,,,,,,,,,,,,,,,,,,,,,,,,,,,,,,,,,,,,,,,,,,,,,,,,,,,,,7.25,7.25,7.25,7.25,7.25,7.25,7.25,7.25,7.25,7.25,7.25,7.25,7.25,7.25,7.25,7.25,7.25,7.25,7.25,7.25,7.25,7.25,7.25,7.25,7.25,7.25,7.25,7.25,7.25,7.25,7.25,7.25,7.25,7.25,7.25,7.25
US-LA,Louisiana,LA,Louisiana,State,Vaghul & Zipperer (2022) — Historical State and Sub-state Minimum Wages v1.4.0,https://github.com/benzipperer/historicalminwage,Creative Commons Attribution 4.0 (CC BY 4.0),State-level minimum wage. Data from Zipperer v1.4.0; forward-filled within series.,,,,,,,,,,,,,,,,,,,,,,,,,,,,,,,,,,,,,,,,,,,,,,,,,,,,,7.25,7.25,7.25,7.25,7.25,7.25,7.25,7.25,7.25,7.25,7.25,7.25,7.25,7.25,7.25,7.25,7.25,7.25,7.25,7.25,7.25,7.25,7.25,7.25,7.25,7.25,7.25,7.25,7.25,7.25,7.25,7.25,7.25,7.25,7.25,7.25
US-MA,Massachusetts,MA,Massachusetts,State,Vaghul & Zipperer (2022) — Historical State and Sub-state Minimum Wages v1.4.0,https://github.com/benzipperer/historicalminwage,Creative Commons Attribution 4.0 (CC BY 4.0),State-level minimum wage. Data from Zipperer v1.4.0; forward-filled within series.,,,,,,,,,,,,,,,,,,,,,,,,,,,,,,,,,,,,,,,,,,,,,,,,,,,,,3.85,3.85,3.85,3.85,3.85,3.85,3.85,3.85,3.85,3.85,6.75,6.75,6.75,6.75,6.75,6.75,6.75,7.5,8.0,8.0,8.0,8.0,8.0,8.0,8.0,9.0,10.0,11.0,12.0,12.75,13.5,14.25,15.0,15.0,15.0,15.0
US-MD,Maryland,MD,Maryland,State,Vaghul & Zipperer (2022) — Historical State and Sub-state Minimum Wages v1.4.0,https://github.com/benzipperer/historicalminwage,Creative Commons Attribution 4.0 (CC BY 4.0),State-level minimum wage. Data from Zipperer v1.4.0; forward-filled within series.,,,,,,,,,,,,,,,,,,,,,,,,,,,,,,,,,,,,,,,,,,,,,,,,,,,,,3.8,3.8,3.8,3.8,3.8,3.8,3.8,5.0,5.0,5.0,5.0,5.0,5.0,5.0,5.0,5.0,5.0,6.15,6.15,6.15,7.25,7.25,7.25,7.25,8.0,8.25,8.75,9.25,10.1,10.1,11.0,11.75,12.5,13.25,15.0,15.0
US-ME,Maine,ME,Maine,State,Vaghul & Zipperer (2022) — Historical State and Sub-state Minimum Wages v1.4.0,https://github.com/benzipperer/historicalminwage,Creative Commons Attribution 4.0 (CC BY 4.0),State-level minimum wage. Data from Zipperer v1.4.0; forward-filled within series.,,,,,,,,,,,,,,,,,,,,,,,,,,,,,,,,,,,,,,,,,,,,,,,,,,,,,3.8,3.8,3.8,3.8,3.8,3.8,4.75,5.15,5.15,5.15,5.15,5.15,5.15,5.15,5.15,5.15,6.5,7.0,7.0,7.25,7.25,7.25,7.25,7.25,7.25,7.25,7.25,9.0,10.0,11.0,12.0,12.15,13.8,14.15,14.65,15.0
US-MI,Michigan,MI,Michigan,State,Vaghul & Zipperer (2022) — Historical State and Sub-state Minimum Wages v1.4.0,https://github.com/benzipperer/historicalminwage,Creative Commons Attribution 4.0 (CC BY 4.0),State-level minimum wage. Data from Zipperer v1.4.0; forward-filled within series.,,,,,,,,,,,,,,,,,,,,,,,,,,,,,,,,,,,,,,,,,,,,,,,,,,,,,3.85,3.85,3.85,3.85,3.85,3.85,3.85,5.15,5.15,5.15,5.15,5.15,5.15,5.15,5.15,5.15,6.95,7.4,7.4,7.4,7.4,7.4,7.4,7.4,8.15,8.5,8.5,8.9,9.25,9.45,9.65,9.87,9.87,10.1,10.33,10.56
US-MN,Minnesota,MN,Minnesota,State,Vaghul & Zipperer (2022) — Historical State and Sub-state Minimum Wages v1.4.0,https://github.com/benzipperer/historicalminwage,Creative Commons Attribution 4.0 (CC BY 4.0),State-level minimum wage. Data from Zipperer v1.4.0; forward-filled within series.,,,,,,,,,,,,,,,,,,,,,,,,,,,,,,,,,,,,,,,,,,,,,,,,,,,,,3.85,3.85,3.85,3.85,3.85,3.85,3.85,3.85,3.85,3.85,5.15,5.15,5.15,5.15,5.15,6.15,6.15,6.15,6.15,6.15,6.15,6.15,6.15,6.15,8.0,9.0,9.5,9.5,9.65,9.86,10.0,10.08,10.33,10.59,10.85,11.13
US-MO,Missouri,MO,Missouri,State,Vaghul & Zipperer (2022) — Historical State and Sub-state Minimum Wages v1.4.0,https://github.com/benzipperer/historicalminwage,Creative Commons Attribution 4.0 (CC BY 4.0),State-level minimum wage. Data from Zipperer v1.4.0; forward-filled within series.,,,,,,,,,,,,,,,,,,,,,,,,,,,,,,,,,,,,,,,,,,,,,,,,,,,,,3.8,3.8,3.8,3.8,3.8,3.8,3.8,3.8,3.8,3.8,3.8,3.8,3.8,3.8,3.8,3.8,3.8,6.5,6.65,7.05,7.25,7.25,7.25,7.25,7.25,7.65,7.65,7.7,7.85,8.6,9.45,10.3,11.15,12.0,12.3,13.75
US-MS,Mississippi,MS,Mississippi,State,Vaghul & Zipperer (2022) — Historical State and Sub-state Minimum Wages v1.4.0,https://github.com/benzipperer/historicalminwage,Creative Commons Attribution 4.0 (CC BY 4.0),State-level minimum wage. Data from Zipperer v1.4.0; forward-filled within series.,,,,,,,,,,,,,,,,,,,,,,,,,,,,,,,,,,,,,,,,,,,,,,,,,,,,,7.25,7.25,7.25,7.25,7.25,7.25,7.25,7.25,7.25,7.25,7.25,7.25,7.25,7.25,7.25,7.25,7.25,7.25,7.25,7.25,7.25,7.25,7.25,7.25,7.25,7.25,7.25,7.25,7.25,7.25,7.25,7.25,7.25,7.25,7.25,7.25
US-MT,Montana,MT,Montana,State,Vaghul & Zipperer (2022) — Historical State and Sub-state Minimum Wages v1.4.0,https://github.com/benzipperer/historicalminwage,Creative Commons Attribution 4.0 (CC BY 4.0),State-level minimum wage. Data from Zipperer v1.4.0; forward-filled within series.,,,,,,,,,,,,,,,,,,,,,,,,,,,,,,,,,,,,,,,,,,,,,,,,,,,,,3.8,3.8,3.8,3.8,3.8,3.8,3.8,3.8,3.8,3.8,3.8,3.8,3.8,3.8,3.8,5.15,5.15,6.15,6.25,6.9,7.25,7.35,7.65,7.8,7.9,8.05,8.05,8.15,8.3,8.5,8.65,8.75,9.2,9.95,10.3,10.55
US-NC,North Carolina,NC,North Carolina,State,Vaghul & Zipperer (2022) — Historical State and Sub-state Minimum Wages v1.4.0,https://github.com/benzipperer/historicalminwage,Creative Commons Attribution 4.0 (CC BY 4.0),State-level minimum wage. Data from Zipperer v1.4.0; forward-filled within series.,,,,,,,,,,,,,,,,,,,,,,,,,,,,,,,,,,,,,,,,,,,,,,,,,,,,,7.25,7.25,7.25,7.25,7.25,7.25,7.25,7.25,7.25,7.25,7.25,7.25,7.25,7.25,7.25,7.25,7.25,7.25,7.25,7.25,7.25,7.25,7.25,7.25,7.25,7.25,7.25,7.25,7.25,7.25,7.25,7.25,7.25,7.25,7.25,7.25
US-ND,North Dakota,ND,North Dakota,State,Vaghul & Zipperer (2022) — Historical State and Sub-state Minimum Wages v1.4.0,https://github.com/benzipperer/historicalminwage,Creative Commons Attribution 4.0 (CC BY 4.0),State-level minimum wage. Data from Zipperer v1.4.0; forward-filled within series.,,,,,,,,,,,,,,,,,,,,,,,,,,,,,,,,,,,,,,,,,,,,,,,,,,,,,7.25,7.25,7.25,7.25,7.25,7.25,7.25,7.25,7.25,7.25,7.25,7.25,7.25,7.25,7.25,7.25,7.25,7.25,7.25,7.25,7.25,7.25,7.25,7.25,7.25,7.25,7.25,7.25,7.25,7.25,7.25,7.25,7.25,7.25,7.25,7.25
US-NE,Nebraska,NE,Nebraska,State,Vaghul & Zipperer (2022) — Historical State and Sub-state Minimum Wages v1.4.0,https://github.com/benzipperer/historicalminwage,Creative Commons Attribution 4.0 (CC BY 4.0),State-level minimum wage. Data from Zipperer v1.4.0; forward-filled within series.,,,,,,,,,,,,,,,,,,,,,,,,,,,,,,,,,,,,,,,,,,,,,,,,,,,,,3.8,3.8,3.8,3.8,3.8,3.8,3.8,3.8,3.8,3.8,3.8,3.8,3.8,3.8,3.8,3.8,3.8,3.8,3.8,3.8,3.8,3.8,3.8,3.8,3.8,8.0,9.0,9.0,9.0,9.0,9.0,9.0,10.5,11.0,12.0,13.5
US-NH,New Hampshire,NH,New Hampshire,State,Vaghul & Zipperer (2022) — Historical State and Sub-state Minimum Wages v1.4.0,https://github.com/benzipperer/historicalminwage,Creative Commons Attribution 4.0 (CC BY 4.0),State-level minimum wage. Data from Zipperer v1.4.0; forward-filled within series.,,,,,,,,,,,,,,,,,,,,,,,,,,,,,,,,,,,,,,,,,,,,,,,,,,,,,7.25,7.25,7.25,7.25,7.25,7.25,7.25,7.25,7.25,7.25,7.25,7.25,7.25,7.25,7.25,7.25,7.25,7.25,7.25,7.25,7.25,7.25,7.25,7.25,7.25,7.25,7.25,7.25,7.25,7.25,7.25,7.25,7.25,7.25,7.25,7.25
US-NJ,New Jersey,NJ,New Jersey,State,Vaghul & Zipperer (2022) — Historical State and Sub-state Minimum Wages v1.4.0,https://github.com/benzipperer/historicalminwage,Creative Commons Attribution 4.0 (CC BY 4.0),State-level minimum wage. Data from Zipperer v1.4.0; forward-filled within series.,,,,,,,,,,,,,,,,,,,,,,,,,,,,,,,,,,,,,,,,,,,,,,,,,,,,,3.8,3.8,3.8,3.8,3.8,3.8,3.8,3.8,3.8,3.8,5.15,5.15,5.15,5.15,5.15,6.15,7.15,7.15,7.15,7.25,7.25,7.25,7.25,7.25,8.25,8.38,8.38,8.38,8.6,10.0,11.0,12.0,13.0,14.13,15.49,15.49
US-NM,New Mexico,NM,New Mexico,State,Vaghul & Zipperer (2022) — Historical State and Sub-state Minimum Wages v1.4.0,https://github.com/benzipperer/historicalminwage,Creative Commons Attribution 4.0 (CC BY 4.0),State-level minimum wage. Data from Zipperer v1.4.0; forward-filled within series.,,,,,,,,,,,,,,,,,,,,,,,,,,,,,,,,,,,,,,,,,,,,,,,,,,,,,3.8,3.8,3.8,3.8,3.8,3.8,3.8,3.8,3.8,3.8,3.8,3.8,3.8,3.8,3.8,3.8,3.8,3.8,3.8,7.5,7.5,7.5,7.5,7.5,7.5,7.5,7.5,7.5,7.5,7.5,9.0,10.5,11.5,12.0,12.0,12.0
US-NV,Nevada,NV,Nevada,State,Vaghul & Zipperer (2022) — Historical State and Sub-state Minimum Wages v1.4.0,https://github.com/benzipperer/historicalminwage,Creative Commons Attribution 4.0 (CC BY 4.0),State-level minimum wage. Data from Zipperer v1.4.0; forward-filled within series.,,,,,,,,,,,,,,,,,,,,,,,,,,,,,,,,,,,,,,,,,,,,,,,,,,,,,4.25,4.25,4.25,4.25,4.25,4.25,4.25,4.25,4.25,4.25,4.25,4.25,4.25,4.25,5.15,5.15,5.15,6.33,6.33,6.33,7.25,7.25,7.25,7.25,7.25,7.25,7.25,7.25,7.25,7.25,8.0,8.75,9.5,10.25,12.0,12.0
US-NY,New York,NY,New York,State,Vaghul & Zipperer (2022) — Historical State and Sub-state Minimum Wages v1.4.0,https://github.com/benzipperer/historicalminwage,Creative Commons Attribution 4.0 (CC BY 4.0),State-level minimum wage. Data from Zipperer v1.4.0; forward-filled within series.,,,,,,,,,,,,,,,,,,,,,,,,,,,,,,,,,,,,,,,,,,,,,,,,,,,,,3.8,3.8,3.8,3.8,3.8,3.8,3.8,3.8,3.8,3.8,5.15,5.15,5.15,5.15,5.15,6.0,6.75,7.15,7.15,7.25,7.25,7.25,7.25,7.25,8.0,8.75,9.0,9.7,10.4,11.1,11.8,12.5,13.2,14.2,16.0,16.5
US-OH,Ohio,OH,Ohio,State,Vaghul & Zipperer (2022) — Historical State and Sub-state Minimum Wages v1.4.0,https://github.com/benzipperer/historicalminwage,Creative Commons Attribution 4.0 (CC BY 4.0),State-level minimum wage. Data from Zipperer v1.4.0; forward-filled within series.,,,,,,,,,,,,,,,,,,,,,,,,,,,,,,,,,,,,,,,,,,,,,,,,,,,,,3.8,3.8,3.8,3.8,3.8,3.8,3.8,3.8,3.8,3.8,3.8,3.8,3.8,3.8,3.8,3.8,6.85,7.0,7.1,7.3,7.3,7.4,7.7,7.85,8.1,8.1,8.1,8.15,8.3,8.55,8.7,8.8,9.3,10.1,10.45,10.7
US-OK,Oklahoma,OK,Oklahoma,State,Vaghul & Zipperer (2022) — Historical State and Sub-state Minimum Wages v1.4.0,https://github.com/benzipperer/historicalminwage,Creative Commons Attribution 4.0 (CC BY 4.0),State-level minimum wage. Data from Zipperer v1.4.0; forward-filled within series.,,,,,,,,,,,,,,,,,,,,,,,,,,,,,,,,,,,,,,,,,,,,,,,,,,,,,7.25,7.25,7.25,7.25,7.25,7.25,7.25,7.25,7.25,7.25,7.25,7.25,7.25,7.25,7.25,7.25,7.25,7.25,7.25,7.25,7.25,7.25,7.25,7.25,7.25,7.25,7.25,7.25,7.25,7.25,7.25,7.25,7.25,7.25,7.25,7.25
US-OR,Oregon,OR,Oregon,State,Vaghul & Zipperer (2022) — Historical State and Sub-state Minimum Wages v1.4.0,https://github.com/benzipperer/historicalminwage,Creative Commons Attribution 4.0 (CC BY 4.0),State-level minimum wage. Data from Zipperer v1.4.0; forward-filled within series.,,,,,,,,,,,,,,,,,,,,,,,,,,,,,,,,,,,,,,,,,,,,,,,,,,,,,3.85,3.85,3.85,3.85,3.85,3.85,3.85,3.85,3.85,3.85,3.85,3.85,3.85,6.9,7.05,7.25,7.5,7.8,7.95,8.4,8.4,8.5,8.8,8.95,9.1,9.25,9.75,10.25,10.75,11.25,12.0,12.75,13.5,13.5,14.7,15.25
US-PA,Pennsylvania,PA,Pennsylvania,State,Vaghul & Zipperer (2022) — Historical State and Sub-state Minimum Wages v1.4.0,https://github.com/benzipperer/historicalminwage,Creative Commons Attribution 4.0 (CC BY 4.0),State-level minimum wage. Data from Zipperer v1.4.0; forward-filled within series.,,,,,,,,,,,,,,,,,,,,,,,,,,,,,,,,,,,,,,,,,,,,,,,,,,,,,7.25,7.25,7.25,7.25,7.25,7.25,7.25,7.25,7.25,7.25,7.25,7.25,7.25,7.25,7.25,7.25,7.25,7.25,7.25,7.25,7.25,7.25,7.25,7.25,7.25,7.25,7.25,7.25,7.25,7.25,7.25,7.25,7.25,7.25,7.25,7.25
US-RI,Rhode Island,RI,Rhode Island,State,Vaghul & Zipperer (2022) — Historical State and Sub-state Minimum Wages v1.4.0,https://github.com/benzipperer/historicalminwage,Creative Commons Attribution 4.0 (CC BY 4.0),State-level minimum wage. Data from Zipperer v1.4.0; forward-filled within series.,,,,,,,,,,,,,,,,,,,,,,,,,,,,,,,,,,,,,,,,,,,,,,,,,,,,,3.85,3.85,3.85,3.85,3.85,3.85,3.85,5.65,5.65,5.65,6.15,6.15,6.15,6.15,6.75,6.75,7.1,7.4,7.4,7.4,7.4,7.4,7.4,7.75,8.0,9.0,9.6,9.6,9.6,10.5,11.5,12.25,13.0,14.0,15.0,15.0
US-SC,South Carolina,SC,South Carolina,State,Vaghul & Zipperer (2022) — Historical State and Sub-state Minimum Wages v1.4.0,https://github.com/benzipperer/historicalminwage,Creative Commons Attribution 4.0 (CC BY 4.0),State-level minimum wage. Data from Zipperer v1.4.0; forward-filled within series.,,,,,,,,,,,,,,,,,,,,,,,,,,,,,,,,,,,,,,,,,,,,,,,,,,,,,7.25,7.25,7.25,7.25,7.25,7.25,7.25,7.25,7.25,7.25,7.25,7.25,7.25,7.25,7.25,7.25,7.25,7.25,7.25,7.25,7.25,7.25,7.25,7.25,7.25,7.25,7.25,7.25,7.25,7.25,7.25,7.25,7.25,7.25,7.25,7.25
US-SD,South Dakota,SD,South Dakota,State,Vaghul & Zipperer (2022) — Historical State and Sub-state Minimum Wages v1.4.0,https://github.com/benzipperer/historicalminwage,Creative Commons Attribution 4.0 (CC BY 4.0),State-level minimum wage. Data from Zipperer v1.4.0; forward-filled within series.,,,,,,,,,,,,,,,,,,,,,,,,,,,,,,,,,,,,,,,,,,,,,,,,,,,,,3.8,3.8,3.8,3.8,3.8,3.8,3.8,3.8,3.8,3.8,3.8,3.8,3.8,3.8,3.8,3.8,3.8,3.8,3.8,3.8,3.8,3.8,3.8,3.8,3.8,8.5,8.55,8.65,8.85,9.1,9.3,9.45,9.95,10.8,11.2,11.2
US-TN,Tennessee,TN,Tennessee,State,Vaghul & Zipperer (2022) — Historical State and Sub-state Minimum Wages v1.4.0,https://github.com/benzipperer/historicalminwage,Creative Commons Attribution 4.0 (CC BY 4.0),State-level minimum wage. Data from Zipperer v1.4.0; forward-filled within series.,,,,,,,,,,,,,,,,,,,,,,,,,,,,,,,,,,,,,,,,,,,,,,,,,,,,,7.25,7.25,7.25,7.25,7.25,7.25,7.25,7.25,7.25,7.25,7.25,7.25,7.25,7.25,7.25,7.25,7.25,7.25,7.25,7.25,7.25,7.25,7.25,7.25,7.25,7.25,7.25,7.25,7.25,7.25,7.25,7.25,7.25,7.25,7.25,7.25
US-TX,Texas,TX,Texas,State,Vaghul & Zipperer (2022) — Historical State and Sub-state Minimum Wages v1.4.0,https://github.com/benzipperer/historicalminwage,Creative Commons Attribution 4.0 (CC BY 4.0),State-level minimum wage. Data from Zipperer v1.4.0; forward-filled within series.,,,,,,,,,,,,,,,,,,,,,,,,,,,,,,,,,,,,,,,,,,,,,,,,,,,,,7.25,7.25,7.25,7.25,7.25,7.25,7.25,7.25,7.25,7.25,7.25,7.25,7.25,7.25,7.25,7.25,7.25,7.25,7.25,7.25,7.25,7.25,7.25,7.25,7.25,7.25,7.25,7.25,7.25,7.25,7.25,7.25,7.25,7.25,7.25,7.25
US-UT,Utah,UT,Utah,State,Vaghul & Zipperer (2022) — Historical State and Sub-state Minimum Wages v1.4.0,https://github.com/benzipperer/historicalminwage,Creative Commons Attribution 4.0 (CC BY 4.0),State-level minimum wage. Data from Zipperer v1.4.0; forward-filled within series.,,,,,,,,,,,,,,,,,,,,,,,,,,,,,,,,,,,,,,,,,,,,,,,,,,,,,7.25,7.25,7.25,7.25,7.25,7.25,7.25,7.25,7.25,7.25,7.25,7.25,7.25,7.25,7.25,7.25,7.25,7.25,7.25,7.25,7.25,7.25,7.25,7.25,7.25,7.25,7.25,7.25,7.25,7.25,7.25,7.25,7.25,7.25,7.25,7.25
US-VA,Virginia,VA,Virginia,State,Vaghul & Zipperer (2022) — Historical State and Sub-state Minimum Wages v1.4.0,https://github.com/benzipperer/historicalminwage,Creative Commons Attribution 4.0 (CC BY 4.0),State-level minimum wage. Data from Zipperer v1.4.0; forward-filled within series.,,,,,,,,,,,,,,,,,,,,,,,,,,,,,,,,,,,,,,,,,,,,,,,,,,,,,3.8,3.8,3.8,3.8,3.8,3.8,3.8,3.8,3.8,3.8,3.8,3.8,3.8,3.8,3.8,3.8,3.8,3.8,3.8,3.8,3.8,3.8,3.8,3.8,3.8,3.8,3.8,3.8,3.8,3.8,7.25,9.5,11.0,12.0,12.41,13.5
US-VT,Vermont,VT,Vermont,State,Vaghul & Zipperer (2022) — Historical State and Sub-state Minimum Wages v1.4.0,https://github.com/benzipperer/historicalminwage,Creative Commons Attribution 4.0 (CC BY 4.0),State-level minimum wage. Data from Zipperer v1.4.0; forward-filled within series.,,,,,,,,,,,,,,,,,,,,,,,,,,,,,,,,,,,,,,,,,,,,,,,,,,,,,,,4.25,4.25,4.25,4.25,4.25,4.25,4.25,4.25,5.75,6.25,6.25,6.25,7.0,7.0,7.25,7.53,7.68,8.06,8.06,8.15,8.46,8.6,8.73,9.15,9.6,10.0,10.5,10.96,11.75,12.55,13.18,13.67,14.01,14.01
US-WA,Washington,WA,Washington,State,Vaghul & Zipperer (2022) — Historical State and Sub-state Minimum Wages v1.4.0,https://github.com/benzipperer/historicalminwage,Creative Commons Attribution 4.0 (CC BY 4.0),State-level minimum wage. Data from Zipperer v1.4.0; forward-filled within series.,,,,,,,,,,,,,,,,,,,,,,,,,,,,,,,,,,,,,,,,,,,,,,,,,,,,,3.85,3.85,3.85,3.85,3.85,3.85,3.85,3.85,3.85,3.85,6.5,6.72,6.9,7.01,7.16,7.35,7.63,7.93,8.07,8.55,8.55,8.67,9.04,9.19,9.32,9.47,9.53,11.0,11.5,12.0,13.5,13.69,14.49,15.74,16.28,16.66
US-WI,Wisconsin,WI,Wisconsin,State,Vaghul & Zipperer (2022) — Historical State and Sub-state Minimum Wages v1.4.0,https://github.com/benzipperer/historicalminwage,Creative Commons Attribution 4.0 (CC BY 4.0),State-level minimum wage. Data from Zipperer v1.4.0; forward-filled within series.,,,,,,,,,,,,,,,,,,,,,,,,,,,,,,,,,,,,,,,,,,,,,,,,,,,,,7.25,7.25,7.25,7.25,7.25,7.25,7.25,7.25,7.25,7.25,7.25,7.25,7.25,7.25,7.25,7.25,7.25,7.25,7.25,7.25,7.25,7.25,7.25,7.25,7.25,7.25,7.25,7.25,7.25,7.25,7.25,7.25,7.25,7.25,7.25,7.25
US-WV,West Virginia,WV,West Virginia,State,Vaghul & Zipperer (2022) — Historical State and Sub-state Minimum Wages v1.4.0,https://github.com/benzipperer/historicalminwage,Creative Commons Attribution 4.0 (CC BY 4.0),State-level minimum wage. Data from Zipperer v1.4.0; forward-filled within series.,,,,,,,,,,,,,,,,,,,,,,,,,,,,,,,,,,,,,,,,,,,,,,,,,,,,,3.8,3.8,3.8,3.8,3.8,3.8,3.8,3.8,3.8,3.8,3.8,3.8,3.8,3.8,3.8,3.8,3.8,3.8,3.8,3.8,3.8,3.8,3.8,3.8,3.8,8.0,8.75,8.75,8.75,8.75,8.75,8.75,8.75,8.75,8.75,8.75
US-WY,Wyoming,WY,Wyoming,State,Vaghul & Zipperer (2022) — Historical State and Sub-state Minimum Wages v1.4.0,https://github.com/benzipperer/historicalminwage,Creative Commons Attribution 4.0 (CC BY 4.0),State-level minimum wage. Data from Zipperer v1.4.0; forward-filled within series.,,,,,,,,,,,,,,,,,,,,,,,,,,,,,,,,,,,,,,,,,,,,,,,,,,,,,7.25,7.25,7.25,7.25,7.25,7.25,7.25,7.25,7.25,7.25,7.25,7.25,7.25,7.25,7.25,7.25,7.25,7.25,7.25,7.25,7.25,7.25,7.25,7.25,7.25,7.25,7.25,7.25,7.25,7.25,7.25,7.25,7.25,7.25,7.25,7.25
LOCAL-AZ-021,"Flagstaff, AZ",AZ,Arizona,City,UC Berkeley Center for Labor Research and Education — Inventory of Local Minimum Wage Ordinances,https://laborcenter.berkeley.edu/minimum-wage-living-wage-resources/,For informational/research purposes; attribution required,Local ordinance. Enacted ~2016. Wages are scheduled steps from UCB inventory; forward-filled. Confirm with locality for current rate.,,,,,,,,,,,,,,,,,,,,,,,,,,,,,,,,,,,,,,,,,,,,,,,,,,,,,,,,,,,,,,,,,,,,,,,,,,,,,,,10.0,11.0,12.0,13.0,13.0,13.0,13.0,13.0,13.0,13.0
LOCAL-AZ-066,"Tucson, AZ",AZ,Arizona,City,UC Berkeley Center for Labor Research and Education — Inventory of Local Minimum Wage Ordinances,https://laborcenter.berkeley.edu/minimum-wage-living-wage-resources/,For informational/research purposes; attribution required,Local ordinance. Enacted ~2021. Wages are scheduled steps from UCB inventory; forward-filled. Confirm with locality for current rate.,,,,,,,,,,,,,,,,,,,,,,,,,,,,,,,,,,,,,,,,,,,,,,,,,,,,,,,,,,,,,,,,,,,,,,,,,,,,,,,,,,,,12.8,13.5,14.25,15.0,15.0
LOCAL-CA-001,"Alameda, CA",CA,California,City,UC Berkeley Center for Labor Research and Education — Inventory of Local Minimum Wage Ordinances,https://laborcenter.berkeley.edu/minimum-wage-living-wage-resources/,For informational/research purposes; attribution required,Local ordinance. Enacted ~2018. Wages are scheduled steps from UCB inventory; forward-filled. Confirm with locality for current rate.,,,,,,,,,,,,,,,,,,,,,,,,,,,,,,,,,,,,,,,,,,,,,,,,,,,,,,,,,,,,,,,,,,,,,,,,,,,,,,,,,13.5,15.0,15.0,15.0,15.0,15.0,15.0,15.0
LOCAL-CA-004,"Belmont, CA",CA,California,City,UC Berkeley Center for Labor Research and Education — Inventory of Local Minimum Wage Ordinances,https://laborcenter.berkeley.edu/minimum-wage-living-wage-resources/,For informational/research purposes; attribution required,Local ordinance. Enacted ~2017. Wages are scheduled steps from UCB inventory; forward-filled. Confirm with locality for current rate.,,,,,,,,,,,,,,,,,,,,,,,,,,,,,,,,,,,,,,,,,,,,,,,,,,,,,,,,,,,,,,,,,,,,,,,,,,,,,,,,12.5,13.5,15.0,15.9,15.9,15.9,15.9,15.9,15.9
LOCAL-CA-005,"Berkeley, CA",CA,California,City,UC Berkeley Center for Labor Research and Education — Inventory of Local Minimum Wage Ordinances,https://laborcenter.berkeley.edu/minimum-wage-living-wage-resources/,For informational/research purposes; attribution required,Local ordinance. Enacted ~2016. Wages are scheduled steps from UCB inventory; forward-filled. Confirm with locality for current rate.,,,,,,,,,,,,,,,,,,,,,,,,,,,,,,,,,,,,,,,,,,,,,,,,,,,,,,,,,,,,,,,,,,,,,,,,,,,,,,,13.75,15.0,15.0,15.0,15.0,15.0,15.0,15.0,15.0,15.0
LOCAL-CA-010,"Burlingame, CA",CA,California,City,UC Berkeley Center for Labor Research and Education — Inventory of Local Minimum Wage Ordinances,https://laborcenter.berkeley.edu/minimum-wage-living-wage-resources/,For informational/research purposes; attribution required,Local ordinance. Enacted ~2020. Wages are scheduled steps from UCB inventory; forward-filled. Confirm with locality for current rate.,,,,,,,,,,,,,,,,,,,,,,,,,,,,,,,,,,,,,,,,,,,,,,,,,,,,,,,,,,,,,,,,,,,,,,,,,,,,,,,,,,,15.0,15.0,15.0,15.0,15.0,15.0
LOCAL-CA-013,"Cupertino, CA",CA,California,City,UC Berkeley Center for Labor Research and Education — Inventory of Local Minimum Wage Ordinances,https://laborcenter.berkeley.edu/minimum-wage-living-wage-resources/,For informational/research purposes; attribution required,Local ordinance. Enacted ~2016. Wages are scheduled steps from UCB inventory; forward-filled. Confirm with locality for current rate.,,,,,,,,,,,,,,,,,,,,,,,,,,,,,,,,,,,,,,,,,,,,,,,,,,,,,,,,,,,,,,,,,,,,,,,,,,,,,,,10.0,13.5,15.0,15.0,15.0,15.0,15.0,15.0,15.0,15.0
LOCAL-CA-014,"Daly City, CA",CA,California,City,UC Berkeley Center for Labor Research and Education — Inventory of Local Minimum Wage Ordinances,https://laborcenter.berkeley.edu/minimum-wage-living-wage-resources/,For informational/research purposes; attribution required,Local ordinance. Enacted ~2019. Wages are scheduled steps from UCB inventory; forward-filled. Confirm with locality for current rate.,,,,,,,,,,,,,,,,,,,,,,,,,,,,,,,,,,,,,,,,,,,,,,,,,,,,,,,,,,,,,,,,,,,,,,,,,,,,,,,,,,13.75,15.0,15.0,15.0,15.0,15.0,15.0
LOCAL-CA-016,"East Palo Alto, CA",CA,California,City,UC Berkeley Center for Labor Research and Education — Inventory of Local Minimum Wage Ordinances,https://laborcenter.berkeley.edu/minimum-wage-living-wage-resources/,For informational/research purposes; attribution required,Local ordinance. Enacted ~2020. Wages are scheduled steps from UCB inventory; forward-filled. Confirm with locality for current rate.,,,,,,,,,,,,,,,,,,,,,,,,,,,,,,,,,,,,,,,,,,,,,,,,,,,,,,,,,,,,,,,,,,,,,,,,,,,,,,,,,,,15.0,15.0,15.0,15.0,15.0,15.0
LOCAL-CA-018,"El Cerrito, CA",CA,California,City,UC Berkeley Center for Labor Research and Education — Inventory of Local Minimum Wage Ordinances,https://laborcenter.berkeley.edu/minimum-wage-living-wage-resources/,For informational/research purposes; attribution required,Local ordinance. Enacted ~2015. Wages are scheduled steps from UCB inventory; forward-filled. Confirm with locality for current rate.,,,,,,,,,,,,,,,,,,,,,,,,,,,,,,,,,,,,,,,,,,,,,,,,,,,,,,,,,,,,,,,,,,,,,,,,,,,,,,10.0,12.25,13.6,15.0,15.0,15.0,15.0,15.0,15.0,15.0,15.0
LOCAL-CA-019,"Emeryville, CA",CA,California,City,UC Berkeley Center for Labor Research and Education — Inventory of Local Minimum Wage Ordinances,https://laborcenter.berkeley.edu/minimum-wage-living-wage-resources/,For informational/research purposes; attribution required,Local ordinance. Enacted ~2015. Wages are scheduled steps from UCB inventory; forward-filled. Confirm with locality for current rate.,,,,,,,,,,,,,,,,,,,,,,,,,,,,,,,,,,,,,,,,,,,,,,,,,,,,,,,,,,,,,,,,,,,,,,,,,,,,,,9.0,9.0,9.0,9.0,9.0,9.0,9.0,9.0,9.0,9.0,9.0
LOCAL-CA-022,"Foster City, CA",CA,California,City,UC Berkeley Center for Labor Research and Education — Inventory of Local Minimum Wage Ordinances,https://laborcenter.berkeley.edu/minimum-wage-living-wage-resources/,For informational/research purposes; attribution required,Local ordinance. Enacted ~2022. Wages are scheduled steps from UCB inventory; forward-filled. Confirm with locality for current rate.,,,,,,,,,,,,,,,,,,,,,,,,,,,,,,,,,,,,,,,,,,,,,,,,,,,,,,,,,,,,,,,,,,,,,,,,,,,,,,,,,,,,,16.5,16.5,16.5,16.5
LOCAL-CA-023,"Freemont, CA7",CA,California,City,UC Berkeley Center for Labor Research and Education — Inventory of Local Minimum Wage Ordinances,https://laborcenter.berkeley.edu/minimum-wage-living-wage-resources/,For informational/research purposes; attribution required,Local ordinance. Enacted ~2019. Wages are scheduled steps from UCB inventory; forward-filled. Confirm with locality for current rate.,,,,,,,,,,,,,,,,,,,,,,,,,,,,,,,,,,,,,,,,,,,,,,,,,,,,,,,,,,,,,,,,,,,,,,,,,,,,,,,,,,15.0,15.0,15.0,15.0,15.0,15.0,15.0
LOCAL-CA-024,"Half Moon Bay, CA",CA,California,City,UC Berkeley Center for Labor Research and Education — Inventory of Local Minimum Wage Ordinances,https://laborcenter.berkeley.edu/minimum-wage-living-wage-resources/,For informational/research purposes; attribution required,Local ordinance. Enacted ~2020. Wages are scheduled steps from UCB inventory; forward-filled. Confirm with locality for current rate.,,,,,,,,,,,,,,,,,,,,,,,,,,,,,,,,,,,,,,,,,,,,,,,,,,,,,,,,,,,,,,,,,,,,,,,,,,,,,,,,,,,15.0,15.0,15.0,15.0,15.0,15.0
LOCAL-CA-025,"Hayward, CA",CA,California,City,UC Berkeley Center for Labor Research and Education — Inventory of Local Minimum Wage Ordinances,https://laborcenter.berkeley.edu/minimum-wage-living-wage-resources/,For informational/research purposes; attribution required,Local ordinance. Enacted ~2020. Wages are scheduled steps from UCB inventory; forward-filled. Confirm with locality for current rate.,,,,,,,,,,,,,,,,,,,,,,,,,,,,,,,,,,,,,,,,,,,,,,,,,,,,,,,,,,,,,,,,,,,,,,,,,,,,,,,,,,,13.0,13.0,13.0,13.0,13.0,13.0
LOCAL-CA-029,"Los Altos, CA",CA,California,City,UC Berkeley Center for Labor Research and Education — Inventory of Local Minimum Wage Ordinances,https://laborcenter.berkeley.edu/minimum-wage-living-wage-resources/,For informational/research purposes; attribution required,Local ordinance. Enacted ~2016. Wages are scheduled steps from UCB inventory; forward-filled. Confirm with locality for current rate.,,,,,,,,,,,,,,,,,,,,,,,,,,,,,,,,,,,,,,,,,,,,,,,,,,,,,,,,,,,,,,,,,,,,,,,,,,,,,,,10.0,13.5,15.0,15.0,15.0,15.0,15.0,15.0,15.0,15.0
LOCAL-CA-030,"Los Angeles, CA",CA,California,City,UC Berkeley Center for Labor Research and Education — Inventory of Local Minimum Wage Ordinances,https://laborcenter.berkeley.edu/minimum-wage-living-wage-resources/,For informational/research purposes; attribution required,Local ordinance. Enacted ~2015. Wages are scheduled steps from UCB inventory; forward-filled. Confirm with locality for current rate.,,,,,,,,,,,,,,,,,,,,,,,,,,,,,,,,,,,,,,,,,,,,,,,,,,,,,,,,,,,,,,,,,,,,,,,,,,,,,,10.0,12.0,13.25,14.25,15.0,15.0,15.0,15.0,15.0,15.0,15.0
LOCAL-CA-032,"Malibu, CA",CA,California,City,UC Berkeley Center for Labor Research and Education — Inventory of Local Minimum Wage Ordinances,https://laborcenter.berkeley.edu/minimum-wage-living-wage-resources/,For informational/research purposes; attribution required,Local ordinance. Enacted ~2016. Wages are scheduled steps from UCB inventory; forward-filled. Confirm with locality for current rate.,,,,,,,,,,,,,,,,,,,,,,,,,,,,,,,,,,,,,,,,,,,,,,,,,,,,,,,,,,,,,,,,,,,,,,,,,,,,,,,12.0,13.25,14.25,15.0,15.0,15.0,15.0,15.0,15.0,15.0
LOCAL-CA-033,"Menlo Park, CA",CA,California,City,UC Berkeley Center for Labor Research and Education — Inventory of Local Minimum Wage Ordinances,https://laborcenter.berkeley.edu/minimum-wage-living-wage-resources/,For informational/research purposes; attribution required,Local ordinance. Enacted ~2019. Wages are scheduled steps from UCB inventory; forward-filled. Confirm with locality for current rate.,,,,,,,,,,,,,,,,,,,,,,,,,,,,,,,,,,,,,,,,,,,,,,,,,,,,,,,,,,,,,,,,,,,,,,,,,,,,,,,,,,15.0,15.0,15.0,15.0,15.0,15.0,15.0
LOCAL-CA-034,"Milpitas, CA",CA,California,City,UC Berkeley Center for Labor Research and Education — Inventory of Local Minimum Wage Ordinances,https://laborcenter.berkeley.edu/minimum-wage-living-wage-resources/,For informational/research purposes; attribution required,Local ordinance. Enacted ~2017. Wages are scheduled steps from UCB inventory; forward-filled. Confirm with locality for current rate.,,,,,,,,,,,,,,,,,,,,,,,,,,,,,,,,,,,,,,,,,,,,,,,,,,,,,,,,,,,,,,,,,,,,,,,,,,,,,,,,12.0,15.0,15.0,15.0,15.0,15.0,15.0,15.0,15.0
LOCAL-CA-037,"Mountain View, CA",CA,California,City,UC Berkeley Center for Labor Research and Education — Inventory of Local Minimum Wage Ordinances,https://laborcenter.berkeley.edu/minimum-wage-living-wage-resources/,For informational/research purposes; attribution required,Local ordinance. Enacted ~2015. Wages are scheduled steps from UCB inventory; forward-filled. Confirm with locality for current rate.,,,,,,,,,,,,,,,,,,,,,,,,,,,,,,,,,,,,,,,,,,,,,,,,,,,,,,,,,,,,,,,,,,,,,,,,,,,,,,10.3,13.0,15.0,15.0,15.0,15.0,15.0,15.0,15.0,15.0,15.0
LOCAL-CA-038,"Novato, CA22",CA,California,City,UC Berkeley Center for Labor Research and Education — Inventory of Local Minimum Wage Ordinances,https://laborcenter.berkeley.edu/minimum-wage-living-wage-resources/,For informational/research purposes; attribution required,Local ordinance. Enacted ~2019. Wages are scheduled steps from UCB inventory; forward-filled. Confirm with locality for current rate.,,,,,,,,,,,,,,,,,,,,,,,,,,,,,,,,,,,,,,,,,,,,,,,,,,,,,,,,,,,,,,,,,,,,,,,,,,,,,,,,,,13.0,15.0,15.0,15.0,15.0,15.0,15.0
LOCAL-CA-039,"Oakland, CA",CA,California,City,UC Berkeley Center for Labor Research and Education — Inventory of Local Minimum Wage Ordinances,https://laborcenter.berkeley.edu/minimum-wage-living-wage-resources/,For informational/research purposes; attribution required,Local ordinance. Enacted ~2014. Wages are scheduled steps from UCB inventory; forward-filled. Confirm with locality for current rate.,,,,,,,,,,,,,,,,,,,,,,,,,,,,,,,,,,,,,,,,,,,,,,,,,,,,,,,,,,,,,,,,,,,,,,,,,,,,,9.0,9.0,9.0,9.0,9.0,9.0,9.0,9.0,9.0,9.0,9.0,9.0
LOCAL-CA-040,"Palo Alto, CA",CA,California,City,UC Berkeley Center for Labor Research and Education — Inventory of Local Minimum Wage Ordinances,https://laborcenter.berkeley.edu/minimum-wage-living-wage-resources/,For informational/research purposes; attribution required,Local ordinance. Enacted ~2015. Wages are scheduled steps from UCB inventory; forward-filled. Confirm with locality for current rate.,,,,,,,,,,,,,,,,,,,,,,,,,,,,,,,,,,,,,,,,,,,,,,,,,,,,,,,,,,,,,,,,,,,,,,,,,,,,,,9.0,12.0,13.5,15.0,15.0,15.0,15.0,15.0,15.0,15.0,15.0
LOCAL-CA-041,"Pasadena, CA 25",CA,California,City,UC Berkeley Center for Labor Research and Education — Inventory of Local Minimum Wage Ordinances,https://laborcenter.berkeley.edu/minimum-wage-living-wage-resources/,For informational/research purposes; attribution required,Local ordinance. Enacted ~2016. Wages are scheduled steps from UCB inventory; forward-filled. Confirm with locality for current rate.,,,,,,,,,,,,,,,,,,,,,,,,,,,,,,,,,,,,,,,,,,,,,,,,,,,,,,,,,,,,,,,,,,,,,,,,,,,,,,,12.0,13.25,14.25,15.0,15.0,15.0,15.0,15.0,15.0,15.0
LOCAL-CA-042,"Petaluma, CA27",CA,California,City,UC Berkeley Center for Labor Research and Education — Inventory of Local Minimum Wage Ordinances,https://laborcenter.berkeley.edu/minimum-wage-living-wage-resources/,For informational/research purposes; attribution required,Local ordinance. Enacted ~2019. Wages are scheduled steps from UCB inventory; forward-filled. Confirm with locality for current rate.,,,,,,,,,,,,,,,,,,,,,,,,,,,,,,,,,,,,,,,,,,,,,,,,,,,,,,,,,,,,,,,,,,,,,,,,,,,,,,,,,,12.0,12.0,12.0,12.0,12.0,12.0,12.0
LOCAL-CA-045,"Redwood City, CA",CA,California,City,UC Berkeley Center for Labor Research and Education — Inventory of Local Minimum Wage Ordinances,https://laborcenter.berkeley.edu/minimum-wage-living-wage-resources/,For informational/research purposes; attribution required,Local ordinance. Enacted ~2018. Wages are scheduled steps from UCB inventory; forward-filled. Confirm with locality for current rate.,,,,,,,,,,,,,,,,,,,,,,,,,,,,,,,,,,,,,,,,,,,,,,,,,,,,,,,,,,,,,,,,,,,,,,,,,,,,,,,,,13.5,13.5,13.5,13.5,13.5,13.5,13.5,13.5
LOCAL-CA-047,"Richmond, CA",CA,California,City,UC Berkeley Center for Labor Research and Education — Inventory of Local Minimum Wage Ordinances,https://laborcenter.berkeley.edu/minimum-wage-living-wage-resources/,For informational/research purposes; attribution required,Local ordinance. Enacted ~2014. Wages are scheduled steps from UCB inventory; forward-filled. Confirm with locality for current rate.,,,,,,,,,,,,,,,,,,,,,,,,,,,,,,,,,,,,,,,,,,,,,,,,,,,,,,,,,,,,,,,,,,,,,,,,,,,,,9.0,11.52,12.3,13.41,15.0,15.0,15.0,15.0,15.0,15.0,15.0,15.0
LOCAL-CA-050,"San Carlos, CA",CA,California,City,UC Berkeley Center for Labor Research and Education — Inventory of Local Minimum Wage Ordinances,https://laborcenter.berkeley.edu/minimum-wage-living-wage-resources/,For informational/research purposes; attribution required,Local ordinance. Enacted ~2020. Wages are scheduled steps from UCB inventory; forward-filled. Confirm with locality for current rate.,,,,,,,,,,,,,,,,,,,,,,,,,,,,,,,,,,,,,,,,,,,,,,,,,,,,,,,,,,,,,,,,,,,,,,,,,,,,,,,,,,,15.0,15.0,15.0,15.0,15.0,15.0
LOCAL-CA-051,"San Diego, CA",CA,California,City,UC Berkeley Center for Labor Research and Education — Inventory of Local Minimum Wage Ordinances,https://laborcenter.berkeley.edu/minimum-wage-living-wage-resources/,For informational/research purposes; attribution required,Local ordinance. Enacted ~2014. Wages are scheduled steps from UCB inventory; forward-filled. Confirm with locality for current rate.,,,,,,,,,,,,,,,,,,,,,,,,,,,,,,,,,,,,,,,,,,,,,,,,,,,,,,,,,,,,,,,,,,,,,,,,,,,,,9.0,10.5,11.5,11.5,11.5,11.5,11.5,11.5,11.5,11.5,11.5,11.5
LOCAL-CA-052,"San Francisco, CA",CA,California,City,UC Berkeley Center for Labor Research and Education — Inventory of Local Minimum Wage Ordinances,https://laborcenter.berkeley.edu/minimum-wage-living-wage-resources/,For informational/research purposes; attribution required,Local ordinance. Enacted ~2003. Wages are scheduled steps from UCB inventory; forward-filled. Confirm with locality for current rate.,,,,,,,,,,,,,,,,,,,,,,,,,,,,,,,,,,,,,,,,,,,,,,,,,,,,,,,,,,,,,,,,,,11.05,11.05,11.05,11.05,11.05,11.05,11.05,11.05,11.05,11.05,11.05,11.05,13.0,14.0,15.0,15.0,15.0,15.0,15.0,15.0,15.0,15.0,15.0
LOCAL-CA-053,"San Jose, CA",CA,California,City,UC Berkeley Center for Labor Research and Education — Inventory of Local Minimum Wage Ordinances,https://laborcenter.berkeley.edu/minimum-wage-living-wage-resources/,For informational/research purposes; attribution required,Local ordinance. Enacted ~2016. Wages are scheduled steps from UCB inventory; forward-filled. Confirm with locality for current rate.,,,,,,,,,,,,,,,,,,,,,,,,,,,,,,,,,,,,,,,,,,,,,,,,,,,,,,,,,,,,,,,,,,,,,,,,,,,,,,,12.0,13.5,15.0,15.0,15.0,15.0,15.0,15.0,15.0,15.0
LOCAL-CA-054,"San Leandro, CA",CA,California,City,UC Berkeley Center for Labor Research and Education — Inventory of Local Minimum Wage Ordinances,https://laborcenter.berkeley.edu/minimum-wage-living-wage-resources/,For informational/research purposes; attribution required,Local ordinance. Enacted ~2016. Wages are scheduled steps from UCB inventory; forward-filled. Confirm with locality for current rate.,,,,,,,,,,,,,,,,,,,,,,,,,,,,,,,,,,,,,,,,,,,,,,,,,,,,,,,,,,,,,,,,,,,,,,,,,,,,,,,12.0,13.0,14.0,15.0,15.0,15.0,15.0,15.0,15.0,15.0
LOCAL-CA-055,"San Mateo, CA",CA,California,City,UC Berkeley Center for Labor Research and Education — Inventory of Local Minimum Wage Ordinances,https://laborcenter.berkeley.edu/minimum-wage-living-wage-resources/,For informational/research purposes; attribution required,Local ordinance. Enacted ~2016. Wages are scheduled steps from UCB inventory; forward-filled. Confirm with locality for current rate.,,,,,,,,,,,,,,,,,,,,,,,,,,,,,,,,,,,,,,,,,,,,,,,,,,,,,,,,,,,,,,,,,,,,,,,,,,,,,,,10.0,13.5,15.0,15.0,15.0,15.0,15.0,15.0,15.0,15.0
LOCAL-CA-057,"Santa Clara, CA",CA,California,City,UC Berkeley Center for Labor Research and Education — Inventory of Local Minimum Wage Ordinances,https://laborcenter.berkeley.edu/minimum-wage-living-wage-resources/,For informational/research purposes; attribution required,Local ordinance. Enacted ~2015. Wages are scheduled steps from UCB inventory; forward-filled. Confirm with locality for current rate.,,,,,,,,,,,,,,,,,,,,,,,,,,,,,,,,,,,,,,,,,,,,,,,,,,,,,,,,,,,,,,,,,,,,,,,,,,,,,,9.0,9.0,13.0,15.0,15.0,15.0,15.0,15.0,15.0,15.0,15.0
LOCAL-CA-060,"Santa Monica, CA",CA,California,City,UC Berkeley Center for Labor Research and Education — Inventory of Local Minimum Wage Ordinances,https://laborcenter.berkeley.edu/minimum-wage-living-wage-resources/,For informational/research purposes; attribution required,Local ordinance. Enacted ~2016. Wages are scheduled steps from UCB inventory; forward-filled. Confirm with locality for current rate.,,,,,,,,,,,,,,,,,,,,,,,,,,,,,,,,,,,,,,,,,,,,,,,,,,,,,,,,,,,,,,,,,,,,,,,,,,,,,,,12.0,13.25,14.25,15.0,15.0,15.0,15.0,15.0,15.0,15.0
LOCAL-CA-061,"Santa Rosa, CA",CA,California,City,UC Berkeley Center for Labor Research and Education — Inventory of Local Minimum Wage Ordinances,https://laborcenter.berkeley.edu/minimum-wage-living-wage-resources/,For informational/research purposes; attribution required,Local ordinance. Enacted ~2019. Wages are scheduled steps from UCB inventory; forward-filled. Confirm with locality for current rate.,,,,,,,,,,,,,,,,,,,,,,,,,,,,,,,,,,,,,,,,,,,,,,,,,,,,,,,,,,,,,,,,,,,,,,,,,,,,,,,,,,13.0,13.0,13.0,13.0,13.0,13.0,13.0
LOCAL-CA-063,"Sonoma, CA",CA,California,City,UC Berkeley Center for Labor Research and Education — Inventory of Local Minimum Wage Ordinances,https://laborcenter.berkeley.edu/minimum-wage-living-wage-resources/,For informational/research purposes; attribution required,Local ordinance. Enacted ~2019. Wages are scheduled steps from UCB inventory; forward-filled. Confirm with locality for current rate.,,,,,,,,,,,,,,,,,,,,,,,,,,,,,,,,,,,,,,,,,,,,,,,,,,,,,,,,,,,,,,,,,,,,,,,,,,,,,,,,,,12.0,15.0,16.0,17.0,17.0,17.0,17.0
LOCAL-CA-064,"South San Francisco, CA",CA,California,City,UC Berkeley Center for Labor Research and Education — Inventory of Local Minimum Wage Ordinances,https://laborcenter.berkeley.edu/minimum-wage-living-wage-resources/,For informational/research purposes; attribution required,Local ordinance. Enacted ~2019. Wages are scheduled steps from UCB inventory; forward-filled. Confirm with locality for current rate.,,,,,,,,,,,,,,,,,,,,,,,,,,,,,,,,,,,,,,,,,,,,,,,,,,,,,,,,,,,,,,,,,,,,,,,,,,,,,,,,,,15.0,15.0,15.0,15.0,15.0,15.0,15.0
LOCAL-CA-065,"Sunnyvale, CA",CA,California,City,UC Berkeley Center for Labor Research and Education — Inventory of Local Minimum Wage Ordinances,https://laborcenter.berkeley.edu/minimum-wage-living-wage-resources/,For informational/research purposes; attribution required,Local ordinance. Enacted ~2014. Wages are scheduled steps from UCB inventory; forward-filled. Confirm with locality for current rate.,,,,,,,,,,,,,,,,,,,,,,,,,,,,,,,,,,,,,,,,,,,,,,,,,,,,,,,,,,,,,,,,,,,,,,,,,,,,,9.0,11.0,13.0,15.0,15.0,15.0,15.0,15.0,15.0,15.0,15.0,15.0
LOCAL-CA-069,"West Hollywood, CA44",CA,California,City,UC Berkeley Center for Labor Research and Education — Inventory of Local Minimum Wage Ordinances,https://laborcenter.berkeley.edu/minimum-wage-living-wage-resources/,For informational/research purposes; attribution required,Local ordinance. Enacted ~2021. Wages are scheduled steps from UCB inventory; forward-filled. Confirm with locality for current rate.,,,,,,,,,,,,,,,,,,,,,,,,,,,,,,,,,,,,,,,,,,,,,,,,,,,,,,,,,,,,,,,,,,,,,,,,,,,,,,,,,,,,15.5,17.5,17.5,17.5,17.5
LOCAL-CO-007,"Boulder, CO",CO,Colorado,City,UC Berkeley Center for Labor Research and Education — Inventory of Local Minimum Wage Ordinances,https://laborcenter.berkeley.edu/minimum-wage-living-wage-resources/,For informational/research purposes; attribution required,Local ordinance. Enacted ~2024. Wages are scheduled steps from UCB inventory; forward-filled. Confirm with locality for current rate.,,,,,,,,,,,,,,,,,,,,,,,,,,,,,,,,,,,,,,,,,,,,,,,,,,,,,,,,,,,,,,,,,,,,,,,,,,,,,,,,,,,,,,,14.42,16.82
LOCAL-CO-015,"Denver, CO",CO,Colorado,City,UC Berkeley Center for Labor Research and Education — Inventory of Local Minimum Wage Ordinances,https://laborcenter.berkeley.edu/minimum-wage-living-wage-resources/,For informational/research purposes; attribution required,Local ordinance. Enacted ~2019. Wages are scheduled steps from UCB inventory; forward-filled. Confirm with locality for current rate.,,,,,,,,,,,,,,,,,,,,,,,,,,,,,,,,,,,,,,,,,,,,,,,,,,,,,,,,,,,,,,,,,,,,,,,,,,,,,,,,,,11.1,14.77,15.87,15.87,15.87,15.87,15.87
LOCAL-CO-017,"Edgewater, CO",CO,Colorado,City,UC Berkeley Center for Labor Research and Education — Inventory of Local Minimum Wage Ordinances,https://laborcenter.berkeley.edu/minimum-wage-living-wage-resources/,For informational/research purposes; attribution required,Local ordinance. Enacted ~2023. Wages are scheduled steps from UCB inventory; forward-filled. Confirm with locality for current rate.,,,,,,,,,,,,,,,,,,,,,,,,,,,,,,,,,,,,,,,,,,,,,,,,,,,,,,,,,,,,,,,,,,,,,,,,,,,,,,,,,,,,,,13.65,16.52,18.17
LOCAL-DC-068,Washington D.C.,DC,Washington D.C.,City,UC Berkeley Center for Labor Research and Education — Inventory of Local Minimum Wage Ordinances,https://laborcenter.berkeley.edu/minimum-wage-living-wage-resources/,For informational/research purposes; attribution required,Local ordinance. Enacted ~2013. Wages are scheduled steps from UCB inventory; forward-filled. Confirm with locality for current rate.,,,,,,,,,,,,,,,,,,,,,,,,,,,,,,,,,,,,,,,,,,,,,,,,,,,,,,,,,,,,,,,,,,,,,,,,,,,,8.25,10.5,11.5,12.5,13.25,14.0,15.0,15.0,15.0,15.0,15.0,15.0,15.0
LOCAL-IL-011,"Chicago, IL",IL,Illinois,City,UC Berkeley Center for Labor Research and Education — Inventory of Local Minimum Wage Ordinances,https://laborcenter.berkeley.edu/minimum-wage-living-wage-resources/,For informational/research purposes; attribution required,Local ordinance. Enacted ~2014. Wages are scheduled steps from UCB inventory; forward-filled. Confirm with locality for current rate.,,,,,,,,,,,,,,,,,,,,,,,,,,,,,,,,,,,,,,,,,,,,,,,,,,,,,,,,,,,,,,,,,,,,,,,,,,,,,8.25,10.5,11.0,12.0,13.0,13.0,13.0,13.0,13.0,13.0,13.0,13.0
LOCAL-ME-043,"Portland, ME (2015; amended by initiative 11/2020)28,",ME,Maine,City,UC Berkeley Center for Labor Research and Education — Inventory of Local Minimum Wage Ordinances,https://laborcenter.berkeley.edu/minimum-wage-living-wage-resources/,For informational/research purposes; attribution required,Local ordinance. Enacted ~2015. Wages are scheduled steps from UCB inventory; forward-filled. Confirm with locality for current rate.,,,,,,,,,,,,,,,,,,,,,,,,,,,,,,,,,,,,,,,,,,,,,,,,,,,,,,,,,,,,,,,,,,,,,,,,,,,,,,7.5,10.68,13.0,13.0,13.0,13.0,13.0,14.0,15.0,15.0,15.0
LOCAL-ME-048,"Rockland, ME",ME,Maine,City,UC Berkeley Center for Labor Research and Education — Inventory of Local Minimum Wage Ordinances,https://laborcenter.berkeley.edu/minimum-wage-living-wage-resources/,For informational/research purposes; attribution required,Local ordinance. Enacted ~2020. Wages are scheduled steps from UCB inventory; forward-filled. Confirm with locality for current rate.,,,,,,,,,,,,,,,,,,,,,,,,,,,,,,,,,,,,,,,,,,,,,,,,,,,,,,,,,,,,,,,,,,,,,,,,,,,,,,,,,,,12.15,12.15,14.0,15.0,15.0,15.0
LOCAL-MN-035,"Minneapolis, MN16",MN,Minnesota,City,UC Berkeley Center for Labor Research and Education — Inventory of Local Minimum Wage Ordinances,https://laborcenter.berkeley.edu/minimum-wage-living-wage-resources/,For informational/research purposes; attribution required,Local ordinance. Enacted ~2017. Wages are scheduled steps from UCB inventory; forward-filled. Confirm with locality for current rate.,,,,,,,,,,,,,,,,,,,,,,,,,,,,,,,,,,,,,,,,,,,,,,,,,,,,,,,,,,,,,,,,,,,,,,,,,,,,,,,,7.75,12.25,13.25,15.0,15.0,15.0,15.0,15.0,15.0
LOCAL-MN-049,"Saint Paul, MN31",MN,Minnesota,City,UC Berkeley Center for Labor Research and Education — Inventory of Local Minimum Wage Ordinances,https://laborcenter.berkeley.edu/minimum-wage-living-wage-resources/,For informational/research purposes; attribution required,Local ordinance. Enacted ~2018. Wages are scheduled steps from UCB inventory; forward-filled. Confirm with locality for current rate.,,,,,,,,,,,,,,,,,,,,,,,,,,,,,,,,,,,,,,,,,,,,,,,,,,,,,,,,,,,,,,,,,,,,,,,,,,,,,,,,,12.5,12.5,15.0,15.0,15.0,15.0,15.0,15.0
LOCAL-NM-002,"Albuquerque, NM",NM,New Mexico,City,UC Berkeley Center for Labor Research and Education — Inventory of Local Minimum Wage Ordinances,https://laborcenter.berkeley.edu/minimum-wage-living-wage-resources/,For informational/research purposes; attribution required,Local ordinance. Enacted ~2012. Wages are scheduled steps from UCB inventory; forward-filled. Confirm with locality for current rate.,,,,,,,,,,,,,,,,,,,,,,,,,,,,,,,,,,,,,,,,,,,,,,,,,,,,,,,,,,,,,,,,,,,,,,,,,,,7.5,7.5,7.5,7.5,7.5,7.5,7.5,7.5,7.5,7.5,7.5,7.5,7.5,7.5
LOCAL-NM-028,"Las Cruces, NM",NM,New Mexico,City,UC Berkeley Center for Labor Research and Education — Inventory of Local Minimum Wage Ordinances,https://laborcenter.berkeley.edu/minimum-wage-living-wage-resources/,For informational/research purposes; attribution required,Local ordinance. Enacted ~2014. Wages are scheduled steps from UCB inventory; forward-filled. Confirm with locality for current rate.,,,,,,,,,,,,,,,,,,,,,,,,,,,,,,,,,,,,,,,,,,,,,,,,,,,,,,,,,,,,,,,,,,,,,,,,,,,,,7.5,9.2,9.2,10.1,10.1,10.1,10.1,10.1,10.1,10.1,10.1,10.1
LOCAL-NM-058,"Santa Fe, NM",NM,New Mexico,City,UC Berkeley Center for Labor Research and Education — Inventory of Local Minimum Wage Ordinances,https://laborcenter.berkeley.edu/minimum-wage-living-wage-resources/,For informational/research purposes; attribution required,Local ordinance. Enacted ~2003. Wages are scheduled steps from UCB inventory; forward-filled. Confirm with locality for current rate.,,,,,,,,,,,,,,,,,,,,,,,,,,,,,,,,,,,,,,,,,,,,,,,,,,,,,,,,,,,,,,,,,,5.15,9.5,9.5,9.5,9.5,9.5,9.5,9.5,9.5,9.5,9.5,9.5,9.5,9.5,9.5,9.5,9.5,9.5,9.5,9.5,9.5,9.5,9.5
LOCAL-WA-003,"Bellingham, WA",WA,Washington,City,UC Berkeley Center for Labor Research and Education — Inventory of Local Minimum Wage Ordinances,https://laborcenter.berkeley.edu/minimum-wage-living-wage-resources/,For informational/research purposes; attribution required,Local ordinance. Enacted ~2023. Wages are scheduled steps from UCB inventory; forward-filled. Confirm with locality for current rate.,,,,,,,,,,,,,,,,,,,,,,,,,,,,,,,,,,,,,,,,,,,,,,,,,,,,,,,,,,,,,,,,,,,,,,,,,,,,,,,,,,,,,,16.84,16.84,16.84
LOCAL-WA-009,"Burien, WA2",WA,Washington,City,UC Berkeley Center for Labor Research and Education — Inventory of Local Minimum Wage Ordinances,https://laborcenter.berkeley.edu/minimum-wage-living-wage-resources/,For informational/research purposes; attribution required,Local ordinance. Enacted ~2024. Wages are scheduled steps from UCB inventory; forward-filled. Confirm with locality for current rate.,,,,,,,,,,,,,,,,,,,,,,,,,,,,,,,,,,,,,,,,,,,,,,,,,,,,,,,,,,,,,,,,,,,,,,,,,,,,,,,,,,,,,,,17.25,17.25
LOCAL-WA-020,"Everett, WA",WA,Washington,City,UC Berkeley Center for Labor Research and Education — Inventory of Local Minimum Wage Ordinances,https://laborcenter.berkeley.edu/minimum-wage-living-wage-resources/,For informational/research purposes; attribution required,Local ordinance. Enacted ~2024. Wages are scheduled steps from UCB inventory; forward-filled. Confirm with locality for current rate.,,,,,,,,,,,,,,,,,,,,,,,,,,,,,,,,,,,,,,,,,,,,,,,,,,,,,,,,,,,,,,,,,,,,,,,,,,,,,,,,,,,,,,,16.66,16.66
LOCAL-WA-046,"Renton, WA",WA,Washington,City,UC Berkeley Center for Labor Research and Education — Inventory of Local Minimum Wage Ordinances,https://laborcenter.berkeley.edu/minimum-wage-living-wage-resources/,For informational/research purposes; attribution required,Local ordinance. Enacted ~2024. Wages are scheduled steps from UCB inventory; forward-filled. Confirm with locality for current rate.,,,,,,,,,,,,,,,,,,,,,,,,,,,,,,,,,,,,,,,,,,,,,,,,,,,,,,,,,,,,,,,,,,,,,,,,,,,,,,,,,,,,,,,16.28,16.28
LOCAL-WA-062,"Seattle, WA40",WA,Washington,City,UC Berkeley Center for Labor Research and Education — Inventory of Local Minimum Wage Ordinances,https://laborcenter.berkeley.edu/minimum-wage-living-wage-resources/,For informational/research purposes; attribution required,Local ordinance. Enacted ~2014. Wages are scheduled steps from UCB inventory; forward-filled. Confirm with locality for current rate.,,,,,,,,,,,,,,,,,,,,,,,,,,,,,,,,,,,,,,,,,,,,,,,,,,,,,,,,,,,,,,,,,,,,,,,,,,,,,9.54,13.0,15.0,15.0,15.0,15.0,15.0,15.0,15.0,15.0,15.0,15.0
LOCAL-WA-067,"Tukwila, WA42",WA,Washington,City,UC Berkeley Center for Labor Research and Education — Inventory of Local Minimum Wage Ordinances,https://laborcenter.berkeley.edu/minimum-wage-living-wage-resources/,For informational/research purposes; attribution required,Local ordinance. Enacted ~2022. Wages are scheduled steps from UCB inventory; forward-filled. Confirm with locality for current rate.,,,,,,,,,,,,,,,,,,,,,,,,,,,,,,,,,,,,,,,,,,,,,,,,,,,,,,,,,,,,,,,,,,,,,,,,,,,,,,,,,,,,,15.74,15.74,15.74,15.74
LOCAL-CA-031,"Los Angeles County, CA",CA,California,County,UC Berkeley Center for Labor Research and Education — Inventory of Local Minimum Wage Ordinances,https://laborcenter.berkeley.edu/minimum-wage-living-wage-resources/,For informational/research purposes; attribution required,Local ordinance. Enacted ~2015. Wages are scheduled steps from UCB inventory; forward-filled. Confirm with locality for current rate.,,,,,,,,,,,,,,,,,,,,,,,,,,,,,,,,,,,,,,,,,,,,,,,,,,,,,,,,,,,,,,,,,,,,,,,,,,,,,,10.0,12.0,13.25,14.25,15.0,15.0,15.0,15.0,15.0,15.0,15.0
LOCAL-CA-056,"San Mateo County, CA",CA,California,County,UC Berkeley Center for Labor Research and Education — Inventory of Local Minimum Wage Ordinances,https://laborcenter.berkeley.edu/minimum-wage-living-wage-resources/,For informational/research purposes; attribution required,Local ordinance. Enacted ~2022. Wages are scheduled steps from UCB inventory; forward-filled. Confirm with locality for current rate.,,,,,,,,,,,,,,,,,,,,,,,,,,,,,,,,,,,,,,,,,,,,,,,,,,,,,,,,,,,,,,,,,,,,,,,,,,,,,,,,,,,,,15.5,15.5,15.5,15.5
LOCAL-CO-008,"Boulder County, CO",CO,Colorado,County,UC Berkeley Center for Labor Research and Education — Inventory of Local Minimum Wage Ordinances,https://laborcenter.berkeley.edu/minimum-wage-living-wage-resources/,For informational/research purposes; attribution required,Local ordinance. Enacted ~2023. Wages are scheduled steps from UCB inventory; forward-filled. Confirm with locality for current rate.,,,,,,,,,,,,,,,,,,,,,,,,,,,,,,,,,,,,,,,,,,,,,,,,,,,,,,,,,,,,,,,,,,,,,,,,,,,,,,,,,,,,,,13.65,16.57,17.99
LOCAL-IL-012,"Cook County, IL",IL,Illinois,County,UC Berkeley Center for Labor Research and Education — Inventory of Local Minimum Wage Ordinances,https://laborcenter.berkeley.edu/minimum-wage-living-wage-resources/,For informational/research purposes; attribution required,Local ordinance. Enacted ~2016. Wages are scheduled steps from UCB inventory; forward-filled. Confirm with locality for current rate.,,,,,,,,,,,,,,,,,,,,,,,,,,,,,,,,,,,,,,,,,,,,,,,,,,,,,,,,,,,,,,,,,,,,,,,,,,,,,,,8.25,11.0,12.0,13.0,13.0,13.0,13.0,13.0,13.0,13.0
LOCAL-MD-026,"Howard County, MD9",MD,Maryland,County,UC Berkeley Center for Labor Research and Education — Inventory of Local Minimum Wage Ordinances,https://laborcenter.berkeley.edu/minimum-wage-living-wage-resources/,For informational/research purposes; attribution required,Local ordinance. Enacted ~2021. Wages are scheduled steps from UCB inventory; forward-filled. Confirm with locality for current rate.,,,,,,,,,,,,,,,,,,,,,,,,,,,,,,,,,,,,,,,,,,,,,,,,,,,,,,,,,,,,,,,,,,,,,,,,,,,,,,,,,,,,12.5,15.0,16.0,16.0,16.0
LOCAL-MD-036,"Montgomery County, MD 18, 19",MD,Maryland,County,UC Berkeley Center for Labor Research and Education — Inventory of Local Minimum Wage Ordinances,https://laborcenter.berkeley.edu/minimum-wage-living-wage-resources/,For informational/research purposes; attribution required,Local ordinance. Enacted ~2017. Wages are scheduled steps from UCB inventory; forward-filled. Confirm with locality for current rate.,,,,,,,,,,,,,,,,,,,,,,,,,,,,,,,,,,,,,,,,,,,,,,,,,,,,,,,,,,,,,,,,,,,,,,,,,,,,,,,,11.5,13.0,14.0,15.0,15.0,15.0,15.0,15.0,15.0
LOCAL-MD-044,"Prince George's County, MD",MD,Maryland,County,UC Berkeley Center for Labor Research and Education — Inventory of Local Minimum Wage Ordinances,https://laborcenter.berkeley.edu/minimum-wage-living-wage-resources/,For informational/research purposes; attribution required,Local ordinance. Enacted ~2013. Wages are scheduled steps from UCB inventory; forward-filled. Confirm with locality for current rate.,,,,,,,,,,,,,,,,,,,,,,,,,,,,,,,,,,,,,,,,,,,,,,,,,,,,,,,,,,,,,,,,,,,,,,,,,,,,7.25,9.55,10.75,11.5,11.5,11.5,11.5,11.5,11.5,11.5,11.5,11.5,11.5
LOCAL-NM-006,"Bernalillo County, NM",NM,New Mexico,County,UC Berkeley Center for Labor Research and Education — Inventory of Local Minimum Wage Ordinances,https://laborcenter.berkeley.edu/minimum-wage-living-wage-resources/,For informational/research purposes; attribution required,Local ordinance. Enacted ~2013. Wages are scheduled steps from UCB inventory; forward-filled. Confirm with locality for current rate.,,,,,,,,,,,,,,,,,,,,,,,,,,,,,,,,,,,,,,,,,,,,,,,,,,,,,,,,,,,,,,,,,,,,,,,,,,,,8.5,8.5,8.5,8.5,8.5,8.5,8.5,8.5,8.5,8.5,8.5,8.5,8.5
LOCAL-NM-059,"Santa Fe County, NM",NM,New Mexico,County,UC Berkeley Center for Labor Research and Education — Inventory of Local Minimum Wage Ordinances,https://laborcenter.berkeley.edu/minimum-wage-living-wage-resources/,For informational/research purposes; attribution required,Local ordinance. Enacted ~2014. Wages are scheduled steps from UCB inventory; forward-filled. Confirm with locality for current rate.,,,,,,,,,,,,,,,,,,,,,,,,,,,,,,,,,,,,,,,,,,,,,,,,,,,,,,,,,,,,,,,,,,,,,,,,,,,,,7.5,7.5,7.5,7.5,7.5,7.5,7.5,7.5,7.5,7.5,7.5,7.5
LOCAL-WA-027,"King County, WA",WA,Washington,County,UC Berkeley Center for Labor Research and Education — Inventory of Local Minimum Wage Ordinances,https://laborcenter.berkeley.edu/minimum-wage-living-wage-resources/,For informational/research purposes; attribution required,Local ordinance. Enacted ~2024. Wages are scheduled steps from UCB inventory; forward-filled. Confirm with locality for current rate.,,,,,,,,,,,,,,,,,,,,,,,,,,,,,,,,,,,,,,,,,,,,,,,,,,,,,,,,,,,,,,,,,,,,,,,,,,,,,,,,,,,,,,,17.25,17.25
